{
  "Original MVO": {
    "Annualized Return": 0.09866699967326731,
    "Annualized Volatility": 0.10547241683015543,
    "Sharpe Ratio": 0.5562307325121797,
    "Max Drawdown": -0.2416788472750081
  },
  "Walk-Forward BL+LW": {
    "Annualized Return": 0.07389452808281322,
    "Annualized Volatility": 0.12252079010479378,
    "Sharpe Ratio": 0.27664307464735366,
    "Max Drawdown": -0.2695422573891185
  },
  "LW Only": {
    "Annualized Return": 0.09885711698296493,
    "Annualized Volatility": 0.10566793099954185,
    "Sharpe Ratio": 0.5570007515640684,
    "Max Drawdown": -0.24162408889497367
  },
  "BL + LW": {
    "Annualized Return": 0.08157078151743216,
    "Annualized Volatility": 0.1442540786720098,
    "Sharpe Ratio": 0.28817751220713533,
    "Max Drawdown": -0.3043114046803611
  },
  "Equal-Weight": {
    "Annualized Return": 0.06257927457427606,
    "Annualized Volatility": 0.10375633276228867,
    "Sharpe Ratio": 0.21761827903079797,
    "Max Drawdown": -0.23763273453212974
  },
  "SPY Benchmark": {
    "Annualized Return": 0.12701091767706515,
    "Annualized Volatility": 0.17832521463745604,
    "Sharpe Ratio": 0.48793390129355874,
    "Max Drawdown": -0.3574587156955278
  },
  "tangency": {
    "return": 0.09866699967326731,
    "volatility": 0.10547241683015543,
    "sharpe": 0.5562307325121797
  },
  "ledoit_wolf_shrinkage": 0.011317378257388799,
  "weights": {
    "MVO": {
      "VEA": 5.294013277098528e-22,
      "VWO": 1.756254221042318e-22,
      "EWJ": -2.205922747458835e-22,
      "TLT": 0.19999999999999998,
      "LQD": 5.519648233287908e-22,
      "GLD": 6.097131861176171e-23,
      "VNQ": 0.19999999999999998,
      "DBC": -1.193059138667197e-22,
      "SPY": 0.19999999999999998,
      "QQQ": 0.10353980825595396,
      "IEF": 0.19999999999999998,
      "HYG": 0.09646019174404595,
      "SLV": -1.7326077111313163e-22,
      "GSG": -7.478071033962422e-23,
      "EMLC": 7.339652821303828e-23
    },
    "LW": {
      "VEA": 5.44503122829102e-22,
      "VWO": 1.8982464654225106e-22,
      "EWJ": -1.934250675783624e-22,
      "TLT": 0.2,
      "LQD": 5.680979314106964e-22,
      "GLD": 8.255817720758373e-23,
      "VNQ": 0.2,
      "DBC": -9.869153593239063e-23,
      "SPY": 0.2,
      "QQQ": 0.1048479430968573,
      "IEF": 0.2,
      "HYG": 0.09515205690314267,
      "SLV": -1.515697154570421e-22,
      "GSG": -5.682591128238803e-23,
      "EMLC": 8.64015565155835e-23
    },
    "BL+LW": {
      "VEA": -1.4139809700286405e-21,
      "VWO": -4.3529754190319235e-20,
      "EWJ": -3.683027995837397e-20,
      "TLT": -9.545120842915058e-20,
      "LQD": 0.007808371834721919,
      "GLD": -3.2391399303947387e-20,
      "VNQ": 0.04331694588939707,
      "DBC": -2.1473078244984595e-20,
      "SPY": 0.2,
      "QQQ": -1.3228333727689344e-19,
      "IEF": 0.13405133998827962,
      "HYG": 0.1167693370397126,
      "SLV": 0.2,
      "GSG": 0.2,
      "EMLC": 0.09805400524788868
    }
  }
}