,Volatility,Return
0,0.08580110346912911,0.0413424028136894
1,0.08580110346912911,0.0413424028136894
2,0.08580110346912911,0.0413424028136894
3,0.08580110346912911,0.0413424028136894
4,0.08580110346912911,0.0413424028136894
5,0.08838867870978899,0.04631578947368422
6,0.09424033716029333,0.05157894736842107
7,0.10395587405385545,0.05684210526315789
8,0.12640068069042368,0.06210526315789474
